http://www.poorlydrawnlines.com/comic/got-everything/,http://www.poorlydrawnlines.com/wp-content/uploads/2019/04/got-everything.png
http://www.poorlydrawnlines.com/comic/trying/,http://www.poorlydrawnlines.com/wp-content/uploads/2017/12/trying.png
http://www.poorlydrawnlines.com/comic/just-ask/,http://www.poorlydrawnlines.com/wp-content/uploads/2020/01/just-ask.png
http://www.poorlydrawnlines.com/comic/how-are-you/,http://www.poorlydrawnlines.com/wp-content/uploads/2018/08/how-are-you.png
http://www.poorlydrawnlines.com/comic/no-free-time/,http://www.poorlydrawnlines.com/wp-content/uploads/2020/11/No_Free_Time-768x681.png
http://www.poorlydrawnlines.com/comic/busy-day/,http://www.poorlydrawnlines.com/wp-content/uploads/2020/11/busy-day-1024x665.png
http://www.poorlydrawnlines.com/comic/nothing-done/,http://www.poorlydrawnlines.com/wp-content/uploads/2020/09/nothing_done-768x683.png
http://www.poorlydrawnlines.com/comic/self-employed/,http://www.poorlydrawnlines.com/wp-content/uploads/2019/04/self-employed.png
http://www.poorlydrawnlines.com/comic/old-habits/,http://www.poorlydrawnlines.com/wp-content/uploads/2017/09/old-habits.png
http://www.poorlydrawnlines.com/comic/pretty-cool/,http://www.poorlydrawnlines.com/wp-content/uploads/2018/06/pretty_cool.png
http://www.poorlydrawnlines.com/comic/new-stuff/,http://www.poorlydrawnlines.com/wp-content/uploads/2019/01/new-stuff.png
http://www.poorlydrawnlines.com/comic/where/,http://www.poorlydrawnlines.com/wp-content/uploads/2019/11/where.png
http://www.poorlydrawnlines.com/comic/delaying/,http://www.poorlydrawnlines.com/wp-content/uploads/2019/08/delaying.png
http://www.poorlydrawnlines.com/comic/dont-know-much/,http://www.poorlydrawnlines.com/wp-content/uploads/2020/03/dont-know-much.png
http://www.poorlydrawnlines.com/comic/through-a-lot/,http://www.poorlydrawnlines.com/wp-content/uploads/2020/11/through_a_lot2-1024x908.png
http://www.poorlydrawnlines.com/comic/learn/,http://www.poorlydrawnlines.com/wp-content/uploads/2019/06/learn.png
http://www.poorlydrawnlines.com/comic/look-at-myself/,http://www.poorlydrawnlines.com/wp-content/uploads/2020/10/Look_At_Myself-1024x908.png
http://www.poorlydrawnlines.com/comic/my-coffee/,http://www.poorlydrawnlines.com/wp-content/uploads/2020/07/my-coffee.png
http://www.poorlydrawnlines.com/comic/so-many-ideas/,http://www.poorlydrawnlines.com/wp-content/uploads/2020/04/so-many-ideas.png
http://www.poorlydrawnlines.com/comic/do-something/,http://www.poorlydrawnlines.com/wp-content/uploads/2020/01/do-something.png
http://www.poorlydrawnlines.com/comic/want-it-all/,http://www.poorlydrawnlines.com/wp-content/uploads/2019/02/want-it-all.png
http://www.poorlydrawnlines.com/comic/everything/,http://www.poorlydrawnlines.com/wp-content/uploads/2018/09/everything.png
